{
  "accuracy": 0.9294573643410853,
  "auc_roc": 0.8428459659567972,
  "auc_pr": 0.4871963050051847,
  "top_features": [
    [
      "roll3_max_CH4",
      "0.08209995"
    ],
    [
      "roll3_max_C2H2",
      "0.07202926"
    ],
    [
      "roll5_max_CH4",
      "0.064611375"
    ],
    [
      "roll5_mean_C2H2",
      "0.029571725"
    ],
    [
      "roll5_std_CH4",
      "0.02442824"
    ],
    [
      "roll3_mean_CO2",
      "0.020698944"
    ],
    [
      "roll5_max_H2",
      "0.019747175"
    ],
    [
      "rate_C2H2_pct_day",
      "0.017154358"
    ],
    [
      "roll5_mean_CO2",
      "0.015210672"
    ],
    [
      "roll5_max_C2H2",
      "0.014295622"
    ],
    [
      "lag1_CH4",
      "0.012871616"
    ],
    [
      "roll5_mean_C2H6",
      "0.012660201"
    ],
    [
      "roll3_mean_CH4",
      "0.012125813"
    ],
    [
      "roll5_max_CO2",
      "0.011018266"
    ],
    [
      "roll3_mean_C2H6",
      "0.010485398"
    ]
  ],
  "n_train": 8092,
  "n_test": 2580,
  "scale_pos_weight": 6.893491124260355
}