{
  "accuracy": 0.9965606190885641,
  "weighted_f1": 0.9965625430906857,
  "macro_f1": 0.9700230419597585,
  "per_class": {
    "Normal": {
      "precision": 1.0,
      "recall": 1.0,
      "f1-score": 1.0,
      "support": 578.0
    },
    "PD": {
      "precision": 0.9736842105263158,
      "recall": 1.0,
      "f1-score": 0.9866666666666667,
      "support": 37.0
    },
    "D1": {
      "precision": 1.0,
      "recall": 0.9767441860465116,
      "f1-score": 0.9882352941176471,
      "support": 43.0
    },
    "D2": {
      "precision": 0.9871794871794872,
      "recall": 1.0,
      "f1-score": 0.9935483870967742,
      "support": 77.0
    },
    "T1": {
      "precision": 1.0,
      "recall": 0.9921568627450981,
      "f1-score": 0.9960629921259843,
      "support": 255.0
    },
    "T2": {
      "precision": 0.8,
      "recall": 0.8,
      "f1-score": 0.8,
      "support": 5.0
    },
    "T3": {
      "precision": 0.9913793103448276,
      "recall": 1.0,
      "f1-score": 0.9956709956709957,
      "support": 115.0
    },
    "DT": {
      "precision": 1.0,
      "recall": 1.0,
      "f1-score": 1.0,
      "support": 53.0
    }
  },
  "top_features": [
    [
      "pct_H2",
      "0.11944937"
    ],
    [
      "ratio_C2H2_TDCG",
      "0.102813244"
    ],
    [
      "pct_C2H4",
      "0.08123087"
    ],
    [
      "duval_pct_C2H2",
      "0.0654284"
    ],
    [
      "feat_method_duval_triangle",
      "0.060925905"
    ],
    [
      "n_methods_agreeing",
      "0.05320119"
    ],
    [
      "agreement_ratio",
      "0.05153733"
    ],
    [
      "ratio_C2H2_C2H4",
      "0.041212685"
    ],
    [
      "feat_method_rogers",
      "0.040796187"
    ],
    [
      "C2H2",
      "0.037203908"
    ],
    [
      "log_C2H4",
      "0.03687739"
    ],
    [
      "feat_method_key_gas",
      "0.033887796"
    ],
    [
      "pct_CO",
      "0.028944"
    ],
    [
      "TDCG",
      "0.025725164"
    ],
    [
      "duval_pct_CH4",
      "0.019398222"
    ],
    [
      "consensus_confidence",
      "0.01792131"
    ],
    [
      "CO",
      "0.0146832075"
    ],
    [
      "log_CH4",
      "0.011784802"
    ],
    [
      "C2H4",
      "0.01080732"
    ],
    [
      "pct_C2H6",
      "0.010613436"
    ]
  ],
  "n_train": 18488,
  "n_test": 1163,
  "n_features": 58
}