{
  "rmse": 4.240882797382393,
  "mae": 3.1249198073357025,
  "r2": 0.9298251814979577,
  "risk_level_accuracy": 0.923238255033557,
  "top_features": [
    [
      "n_methods_agreeing",
      "0.16851956"
    ],
    [
      "log_CO2",
      "0.16501844"
    ],
    [
      "MOISTURE",
      "0.12936409"
    ],
    [
      "agreement_ratio",
      "0.07007833"
    ],
    [
      "pct_CO",
      "0.06306826"
    ],
    [
      "TDCG",
      "0.058130924"
    ],
    [
      "CO2",
      "0.051748123"
    ],
    [
      "C2H4",
      "0.04572091"
    ],
    [
      "RESISTIVITY",
      "0.03280428"
    ],
    [
      "C2H2",
      "0.027086146"
    ],
    [
      "ieee_status_CO2",
      "0.026097782"
    ],
    [
      "ieee_status_CH4",
      "0.022383641"
    ],
    [
      "log_CH4",
      "0.014668178"
    ],
    [
      "CH4",
      "0.0076163644"
    ],
    [
      "duval_pct_C2H2",
      "0.006896683"
    ]
  ],
  "n_train": 9533,
  "n_test": 2384
}