{
  "rmse": 4.24379672649429,
  "mae": 3.1288494104339106,
  "r2": 0.9297287135183379,
  "risk_level_accuracy": 0.9219798657718121,
  "top_features": [
    [
      "n_methods_agreeing",
      "0.1589959"
    ],
    [
      "log_CO2",
      "0.14014256"
    ],
    [
      "MOISTURE",
      "0.12706888"
    ],
    [
      "agreement_ratio",
      "0.08118084"
    ],
    [
      "pct_CO",
      "0.06795657"
    ],
    [
      "CO2",
      "0.05345536"
    ],
    [
      "TDCG",
      "0.05171581"
    ],
    [
      "C2H4",
      "0.04393416"
    ],
    [
      "RESISTIVITY",
      "0.034757454"
    ],
    [
      "ieee_status_CO2",
      "0.03413194"
    ],
    [
      "C2H2",
      "0.031549703"
    ],
    [
      "ieee_status_CH4",
      "0.022800565"
    ],
    [
      "log_CH4",
      "0.015495096"
    ],
    [
      "log_C2H4",
      "0.011138273"
    ],
    [
      "has_RESISTIVITY",
      "0.00805055"
    ]
  ],
  "n_train": 9533,
  "n_test": 2384
}