{"fault_classifier":{"accuracy":0.9965606190885641,"weighted_f1":0.9965625430906857,"macro_f1":0.9700230419597585,"per_class":{"Normal":{"precision":1.0,"recall":1.0,"f1-score":1.0,"support":578.0},"PD":{"precision":0.9736842105263158,"recall":1.0,"f1-score":0.9866666666666667,"support":37.0},"D1":{"precision":1.0,"recall":0.9767441860465116,"f1-score":0.9882352941176471,"support":43.0},"D2":{"precision":0.9871794871794872,"recall":1.0,"f1-score":0.9935483870967742,"support":77.0},"T1":{"precision":1.0,"recall":0.9921568627450981,"f1-score":0.9960629921259843,"support":255.0},"T2":{"precision":0.8,"recall":0.8,"f1-score":0.8,"support":5.0},"T3":{"precision":0.9913793103448276,"recall":1.0,"f1-score":0.9956709956709957,"support":115.0},"DT":{"precision":1.0,"recall":1.0,"f1-score":1.0,"support":53.0}},"top_features":[["pct_H2","0.11944937"],["ratio_C2H2_TDCG","0.102813244"],["pct_C2H4","0.08123087"],["duval_pct_C2H2","0.0654284"],["feat_method_duval_triangle","0.060925905"],["n_methods_agreeing","0.05320119"],["agreement_ratio","0.05153733"],["ratio_C2H2_C2H4","0.041212685"],["feat_method_rogers","0.040796187"],["C2H2","0.037203908"],["log_C2H4","0.03687739"],["feat_method_key_gas","0.033887796"],["pct_CO","0.028944"],["TDCG","0.025725164"],["duval_pct_CH4","0.019398222"],["consensus_confidence","0.01792131"],["CO","0.0146832075"],["log_CH4","0.011784802"],["C2H4","0.01080732"],["pct_C2H6","0.010613436"]],"n_train":18488,"n_test":1163,"n_features":58},"health_index":{"rmse":4.240882797382393,"mae":3.1249198073357025,"r2":0.9298251814979577,"risk_level_accuracy":0.923238255033557,"top_features":[["n_methods_agreeing","0.16851956"],["log_CO2","0.16501844"],["MOISTURE","0.12936409"],["agreement_ratio","0.07007833"],["pct_CO","0.06306826"],["TDCG","0.058130924"],["CO2","0.051748123"],["C2H4","0.04572091"],["RESISTIVITY","0.03280428"],["C2H2","0.027086146"],["ieee_status_CO2","0.026097782"],["ieee_status_CH4","0.022383641"],["log_CH4","0.014668178"],["CH4","0.0076163644"],["duval_pct_C2H2","0.006896683"]],"n_train":9533,"n_test":2384},"failure_predictor":{"accuracy":0.9294573643410853,"auc_roc":0.8428459659567972,"auc_pr":0.4871963050051847,"top_features":[["roll3_max_CH4","0.08209995"],["roll3_max_C2H2","0.07202926"],["roll5_max_CH4","0.064611375"],["roll5_mean_C2H2","0.029571725"],["roll5_std_CH4","0.02442824"],["roll3_mean_CO2","0.020698944"],["roll5_max_H2","0.019747175"],["rate_C2H2_pct_day","0.017154358"],["roll5_mean_CO2","0.015210672"],["roll5_max_C2H2","0.014295622"],["lag1_CH4","0.012871616"],["roll5_mean_C2H6","0.012660201"],["roll3_mean_CH4","0.012125813"],["roll5_max_CO2","0.011018266"],["roll3_mean_C2H6","0.010485398"]],"n_train":8092,"n_test":2580,"scale_pos_weight":6.893491124260355}}