{"fault_classifier":{"accuracy":0.9965606190885641,"weighted_f1":0.9965185822107575,"macro_f1":0.9806185429755132,"per_class":{"Normal":{"precision":1.0,"recall":1.0,"f1-score":1.0,"support":578.0},"PD":{"precision":0.9736842105263158,"recall":1.0,"f1-score":0.9866666666666667,"support":37.0},"D1":{"precision":0.9863013698630136,"recall":0.9863013698630136,"f1-score":0.9863013698630136,"support":73.0},"D2":{"precision":0.987012987012987,"recall":0.987012987012987,"f1-score":0.987012987012987,"support":77.0},"T1":{"precision":0.996078431372549,"recall":0.996078431372549,"f1-score":0.996078431372549,"support":255.0},"T2":{"precision":1.0,"recall":0.8,"f1-score":0.8888888888888888,"support":5.0},"T3":{"precision":1.0,"recall":1.0,"f1-score":1.0,"support":115.0},"DT":{"precision":1.0,"recall":1.0,"f1-score":1.0,"support":23.0}},"top_features":[["ieee_status_CO","0.48062786"],["pct_C2H2","0.06046489"],["pct_H2","0.053190622"],["duval_pct_C2H2","0.046013016"],["n_methods_agreeing","0.0350943"],["feat_method_duval_triangle","0.029697504"],["agreement_ratio","0.0289269"],["ratio_C2H2_C2H4","0.027539333"],["pct_C2H4","0.026964216"],["ratio_C2H2_TDCG","0.026757149"],["log_C2H4","0.026652886"],["feat_method_key_gas","0.022697717"],["pct_CO","0.018123427"],["TDCG","0.014943048"],["feat_method_rogers","0.011122057"],["C2H2","0.008664187"],["consensus_confidence","0.007421593"],["log_CO2","0.006559639"],["pct_C2H6","0.0062080855"],["n_methods_applied","0.005158351"]],"n_train":18488,"n_test":1163,"n_features":58},"health_index":{"rmse":4.24379672649429,"mae":3.1288494104339106,"r2":0.9297287135183379,"risk_level_accuracy":0.9219798657718121,"top_features":[["n_methods_agreeing","0.1589959"],["log_CO2","0.14014256"],["MOISTURE","0.12706888"],["agreement_ratio","0.08118084"],["pct_CO","0.06795657"],["CO2","0.05345536"],["TDCG","0.05171581"],["C2H4","0.04393416"],["RESISTIVITY","0.034757454"],["ieee_status_CO2","0.03413194"],["C2H2","0.031549703"],["ieee_status_CH4","0.022800565"],["log_CH4","0.015495096"],["log_C2H4","0.011138273"],["has_RESISTIVITY","0.00805055"]],"n_train":9533,"n_test":2384},"failure_predictor":{"accuracy":0.9294573643410853,"auc_roc":0.8428459659567972,"auc_pr":0.4871963050051847,"top_features":[["roll3_max_CH4","0.08209995"],["roll3_max_C2H2","0.07202926"],["roll5_max_CH4","0.064611375"],["roll5_mean_C2H2","0.029571725"],["roll5_std_CH4","0.02442824"],["roll3_mean_CO2","0.020698944"],["roll5_max_H2","0.019747175"],["rate_C2H2_pct_day","0.017154358"],["roll5_mean_CO2","0.015210672"],["roll5_max_C2H2","0.014295622"],["lag1_CH4","0.012871616"],["roll5_mean_C2H6","0.012660201"],["roll3_mean_CH4","0.012125813"],["roll5_max_CO2","0.011018266"],["roll3_mean_C2H6","0.010485398"]],"n_train":8092,"n_test":2580,"scale_pos_weight":6.893491124260355}}